{
    "name": "VarPipeline",
    "properties": {
        "activities": [
            {
                "name": "Get Metadata1",
                "type": "GetMetadata",
                "dependsOn": [],
                "policy": {
                    "timeout": "0.12:00:00",
                    "retry": 0,
                    "retryIntervalInSeconds": 30,
                    "secureOutput": false,
                    "secureInput": false
                },
                "userProperties": [],
                "typeProperties": {
                    "dataset": {
                        "referenceName": "MetaData_SF",
                        "type": "DatasetReference"
                    },
                    "fieldList": [
                        "childItems"
                    ],
                    "storeSettings": {
                        "type": "AzureBlobFSReadSettings",
                        "recursive": true,
                        "enablePartitionDiscovery": false
                    },
                    "formatSettings": {
                        "type": "DelimitedTextReadSettings"
                    }
                }
            },
            {
                "name": "Store Files",
                "type": "SetVariable",
                "dependsOn": [
                    {
                        "activity": "Get Metadata1",
                        "dependencyConditions": [
                            "Succeeded"
                        ]
                    }
                ],
                "policy": {
                    "secureOutput": false,
                    "secureInput": false
                },
                "userProperties": [],
                "typeProperties": {
                    "variableName": "var_files",
                    "value": {
                        "value": "@activity('Get Metadata1').output.childItems",
                        "type": "Expression"
                    }
                }
            }
        ],
        "variables": {
            "var_files": {
                "type": "Array"
            }
        },
        "annotations": [],
        "lastPublishTime": "2025-06-14T11:42:33Z"
    },
    "type": "Microsoft.DataFactory/factories/pipelines"
}