{
    "name": "ProPipeline",
    "properties": {
        "activities": [
            {
                "name": "Execute Manager Pipeline",
                "type": "ExecutePipeline",
                "dependsOn": [],
                "policy": {
                    "secureInput": false
                },
                "userProperties": [],
                "typeProperties": {
                    "pipeline": {
                        "referenceName": "pipelineManager",
                        "type": "PipelineReference"
                    },
                    "waitOnCompletion": true
                }
            },
            {
                "name": "Execute Selected Pipeline",
                "type": "ExecutePipeline",
                "dependsOn": [
                    {
                        "activity": "Execute Manager Pipeline",
                        "dependencyConditions": [
                            "Succeeded"
                        ]
                    }
                ],
                "policy": {
                    "secureInput": false
                },
                "userProperties": [],
                "typeProperties": {
                    "pipeline": {
                        "referenceName": "Selected Files",
                        "type": "PipelineReference"
                    },
                    "waitOnCompletion": true
                }
            }
        ],
        "annotations": []
    }
}