{
    "name": "ManagerTrigger",
    "properties": {
        "annotations": [],
        "runtimeState": "Started",
        "pipelines": [
            {
                "pipelineReference": {
                    "referenceName": "ProPipeline",
                    "type": "PipelineReference"
                }
            }
        ],
        "type": "BlobEventsTrigger",
        "typeProperties": {
            "blobPathBeginsWith": "/source/blobs/csvfiles/Fact_Sales_1.csv",
            "ignoreEmptyBlobs": true,
            "scope": "/subscriptions/54a4fbc9-8acc-4232-8e3c-a503423b0e3f/resourceGroups/Farhan_New/providers/Microsoft.Storage/storageAccounts/farhannewadf",
            "events": [
                "Microsoft.Storage.BlobCreated"
            ]
        }
    }
}