{
    "name": "Parameter_copydata",
    "properties": {
        "linkedServiceName": {
            "referenceName": "farhan_coonection_adf",
            "type": "LinkedServiceReference"
        },
        "parameters": {
            "p_file_name": {
                "type": "string"
            }
        },
        "annotations": [],
        "type": "DelimitedText",
        "typeProperties": {
            "location": {
                "type": "AzureBlobFSLocation",
                "fileName": {
                    "value": "@dataset().p_file_name",
                    "type": "Expression"
                },
                "folderPath": "csvfiles",
                "fileSystem": "destination"
            },
            "columnDelimiter": ",",
            "escapeChar": "\\",
            "firstRowAsHeader": true,
            "quoteChar": "\""
        },
        "schema": [
            {
                "name": "transaction_id",
                "type": "String"
            },
            {
                "name": "transactional_date",
                "type": "String"
            },
            {
                "name": "product_id",
                "type": "String"
            },
            {
                "name": "customer_id",
                "type": "String"
            },
            {
                "name": "payment",
                "type": "String"
            },
            {
                "name": "credit_card",
                "type": "String"
            },
            {
                "name": "loyalty_card",
                "type": "String"
            },
            {
                "name": "cost",
                "type": "String"
            },
            {
                "name": "quantity",
                "type": "String"
            },
            {
                "name": "price",
                "type": "String"
            }
        ]
    },
    "type": "Microsoft.DataFactory/factories/datasets"
}