{
    "name": "Transformcsv",
    "properties": {
        "type": "MappingDataFlow",
        "typeProperties": {
            "sources": [
                {
                    "dataset": {
                        "referenceName": "DataFlow_Source",
                        "type": "DatasetReference"
                    },
                    "name": "sourceCSV"
                }
            ],
            "sinks": [
                {
                    "dataset": {
                        "referenceName": "Out_Pipeline",
                        "type": "DatasetReference"
                    },
                    "name": "sink"
                }
            ],
            "transformations": [
                {
                    "name": "Select"
                },
                {
                    "name": "FilterRows"
                },
                {
                    "name": "split1"
                },
                {
                    "name": "derivedColumn1"
                },
                {
                    "name": "GroupBy"
                },
                {
                    "name": "alterRow"
                }
            ],
            "scriptLines": [
                "source(output(",
                "          transaction_id as short,",
                "          transactional_date as timestamp,",
                "          product_id as string,",
                "          customer_id as short,",
                "          payment as string,",
                "          credit_card as long,",
                "          loyalty_card as boolean,",
                "          cost as double,",
                "          quantity as short,",
                "          price as double",
                "     ),",
                "     allowSchemaDrift: true,",
                "     validateSchema: false,",
                "     ignoreNoFilesFound: false) ~> sourceCSV",
                "sourceCSV select(mapColumn(",
                "          transaction_id,",
                "          transactional_date,",
                "          product_id,",
                "          customer_id,",
                "          payment,",
                "          credit_card,",
                "          loyalty_card,",
                "          cost,",
                "          quantity,",
                "          price",
                "     ),",
                "     skipDuplicateMapInputs: true,",
                "     skipDuplicateMapOutputs: true) ~> Select",
                "Select filter(customer_id != 5) ~> FilterRows",
                "FilterRows split(payment == 'visa',",
                "     payment == 'mastercard',",
                "     disjoint: false) ~> split1@(visa, mastercard, amex)",
                "split1@amex derive(payment = coalesce(payment, 'N/A')) ~> derivedColumn1",
                "split1@visa aggregate(groupBy(customer_id),",
                "     product_id = max(product_id)) ~> GroupBy",
                "GroupBy alterRow(insertIf(1==1)) ~> alterRow",
                "alterRow sink(allowSchemaDrift: true,",
                "     validateSchema: false,",
                "     umask: 0022,",
                "     preCommands: [],",
                "     postCommands: [],",
                "     skipDuplicateMapInputs: true,",
                "     skipDuplicateMapOutputs: true) ~> sink"
            ]
        }
    }
}