{
    "now": "2025-06-14T16:29:20.591Z",
    "perfNow": 16726700.699999988,
    "diagnosticCorrelation": "18ac05cd-7f18-45d1-b807-0aa12abd3f1b",
    "source": "DownloadSupportFiles",
    "environment": {
        "productName": "adf",
        "buildVersion": "1.0.060325.13",
        "environmentType": 3,
        "resourceName": "adf-farhan",
        "resourceRegion": "uksouth",
        "resourceGroup": "Farhan_New",
        "subscriptionId": "54a4fbc9-8acc-4232-8e3c-a503423b0e3f",
        "sessionId": "BGd2vFXxAvVP82r12hiRtQ",
        "operationId": "",
        "gitType": "live",
        "loggingKey": "0d330fd3-c562-473e-9285-50df27769473"
    },
    "additionalInfo": {
        "selectedResource": "1_Copy Data",
        "selectedResourceType": "pipeline"
    }
}