{
    "now": "2025-06-14T16:29:50.281Z",
    "perfNow": 16756391,
    "diagnosticCorrelation": "e5499ae4-5596-4769-aa3f-7479292ee4ad",
    "source": "DownloadSupportFiles",
    "environment": {
        "productName": "adf",
        "buildVersion": "1.0.060325.13",
        "environmentType": 3,
        "resourceName": "adf-farhan",
        "resourceRegion": "uksouth",
        "resourceGroup": "Farhan_New",
        "subscriptionId": "54a4fbc9-8acc-4232-8e3c-a503423b0e3f",
        "sessionId": "BGd2vFXxAvVP82r12hiRtQ",
        "operationId": "",
        "gitType": "live",
        "loggingKey": "0d330fd3-c562-473e-9285-50df27769473"
    },
    "additionalInfo": {
        "selectedResource": "VarPipeline",
        "selectedResourceType": "pipeline"
    }
}