{
    "now": "2025-06-14T16:29:32.264Z",
    "perfNow": 16738373.399999991,
    "diagnosticCorrelation": "be587894-45f4-4545-bd70-0c5048fe6516",
    "source": "DownloadSupportFiles",
    "environment": {
        "productName": "adf",
        "buildVersion": "1.0.060325.13",
        "environmentType": 3,
        "resourceName": "adf-farhan",
        "resourceRegion": "uksouth",
        "resourceGroup": "Farhan_New",
        "subscriptionId": "54a4fbc9-8acc-4232-8e3c-a503423b0e3f",
        "sessionId": "BGd2vFXxAvVP82r12hiRtQ",
        "operationId": "",
        "gitType": "live",
        "loggingKey": "0d330fd3-c562-473e-9285-50df27769473"
    },
    "additionalInfo": {
        "selectedResource": "Pipeline Git",
        "selectedResourceType": "pipeline"
    }
}