{
    "name": "DelimitedText1",
    "properties": {
        "linkedServiceName": {
            "referenceName": "HttpServer1",
            "type": "LinkedServiceReference"
        },
        "annotations": [],
        "type": "DelimitedText",
        "typeProperties": {
            "location": {
                "type": "HttpServerLocation",
                "relativeUrl": "m-farhan-mayo/Raw-Data/refs/heads/main/Fact_Sales_2.csv"
            },
            "columnDelimiter": ",",
            "escapeChar": "\\",
            "firstRowAsHeader": true,
            "quoteChar": "\""
        },
        "schema": []
    },
    "type": "Microsoft.DataFactory/factories/datasets"
}